{
	"@metadata": {
		"authors": [
			"Benny Malengier"
		]
	},
	"ARD_TYPE_CHAR": "Letter",
	"ARD_TYPE_TEXT": "Tekst",
	"ARD_TYPE_BOOL": "Bool (0 of 1)",
	"ARD_TYPE_SHORT": "Kort Nummer",
	"ARD_TYPE_NUMBER": "Nummer",
	"ARD_TYPE_LONG": "Groot Nummer",
	"ARD_TYPE_DECIMAL": "Decimaal Getal",
	"ARD_TYPE_ARRAY": "Lijst",
	"ARD_TYPE_NULL": "Geen Type",
	"ARD_TYPE_UNDEF": "Ongedefineerd",
	"ARD_TYPE_CHILDBLOCKMISSING": "ChildBlockMissing",
	"ARD_HIGH": "HOOG",
	"ARD_LOW": "LAAG",
	"ARD_ANALOGREAD": "lees analoge pin#",
	"ARD_ANALOGREAD_TIP": "Geeft waarde terug tussen 0 and 1024 zoals gelezen op de analoge PIN",
	"ARD_ANALOGWRITE": "schrijf naar analoge pin#",
	"ARD_ANALOGWRITE_TIP": "Schrijf analoge waarde tussen 0 en 255 naar de opgegeven PWM PIN",
	"ARD_HIGHLOW_TIP": "Plaats een pin status op HOOG of LAAG.",
	"ARD_DIGITALREAD": "lees digitale pin#",
	"ARD_DIGITALREAD_TIP": "Geeft waarde terug gelezen op de digitale PIN: HOOG of LAAG",
	"ARD_DIGITALWRITE": "schrijf naar digitale pin#",
	"ARD_WRITE_TO": "waarde",
	"ARD_DIGITALWRITE_TIP": "Schrijf digitale waarde HOOG of LAAG naar de opgegeven PIN",
	"ARD_BUILTIN_LED": "schrijf naar ingebouwde LED",
	"ARD_BUILTIN_LED_TIP": "Licht aan of uit voor de ingebouwde LED op de Arduino",
	"ARD_DEFINE": "Definieer",
	"ARD_TONE_PIN": "Toon op PIN#",
	"ARD_TONE_FREQ": "met frequentie",
	"ARD_TONE_PIN_TIP": "Genereert een geluidstoon op de PIN",
	"ARD_NOTONE_PIN": "Geen toon op PIN#",
	"ARD_NOTONE_PIN_TIP": "Stop met een toon op de gegeven pin",
	"ARD_MAP": "Herschaal",
	"ARD_MAP_VAL": "waarde naar [0-",
	"ARD_MAP_TIP": "Herschaalt een getal in interval [0-1024] naar een ander getal in de gegeven schaal.",
	"ARD_FUN_RUN_SETUP": "Arduino doe eerst:",
	"ARD_FUN_RUN_LOOP": "Arduino herhaal voor altijd:",
	"ARD_FUN_RUN_TIP": "Definieer de Arduino setup() en loop() functies.",
	"ARD_PIN_WARN1": "Pin %1 is nodig voor %2 als pin %3. Al gebruikt als %4.",
	"ARD_SERIAL_SETUP": "Start",
	"ARD_SERIAL_SPEED": ":  zet snelheid op",
	"ARD_SERIAL_BPS": "bps",
	"ARD_SERIAL_SETUP_TIP": "Selecteer de snelheid voor een seriele connectie",
	"ARD_SERIAL_PRINT": "print",
	"ARD_SERIAL_PRINT_NEWLINE": "naar nieuwe lijn",
	"ARD_SERIAL_PRINT_TIP": "Drukt de gegeven data naar de seriele poort als leesbare ASCII tekst (in Arduino IDE open de seriele poort met icoon rechtsboven).",
	"ARD_SERIAL_PRINT_WARN": "Een setup blok voor %1 moet toegevoegd worden aan de canvas om dit block te kunnen gebruiken!",
	"ARD_SERVO_WRITE": "positioneer Servo met pin",
	"ARD_SERVO_WRITE_TO": "naar",
	"ARD_SERVO_WRITE_DEG_180": "graden (0~180)",
	"ARD_SERVO_WRITE_TIP": "Positioneer een Servo motor naar de gegeven hoek",
	"ARD_SERVO_READ": "lees Servo met pin",
	"ARD_SERVO_READ_TIP": "Lees de hoek van een Servo motor die met de gegeven pin connecteert",
	"ARD_SPI_SETUP": "Definieer",
	"ARD_SPI_SETUP_CONF": "configuratie:",
	"ARD_SPI_SETUP_SHIFT": "data shift",
	"ARD_SPI_SETUP_MSBFIRST": "MSBFIRST",
	"ARD_SPI_SETUP_LSBFIRST": "LSBFIRST",
	"ARD_SPI_SETUP_DIVIDE": "klok divisie",
	"ARD_SPI_SETUP_MODE": "SPI modus (idle - edge)",
	"ARD_SPI_SETUP_MODE0": "0 (Low - Falling)",
	"ARD_SPI_SETUP_MODE1": "1 (Low - Rising)",
	"ARD_SPI_SETUP_MODE2": "2 (High - Falling)",
	"ARD_SPI_SETUP_MODE3": "3 (High - Rising)",
	"ARD_SPI_SETUP_TIP": "Configureert een SPI randapparaat.",
	"ARD_SPI_TRANS_NONE": "geen",
	"ARD_SPI_TRANS_VAL": "stuur",
	"ARD_SPI_TRANS_SLAVE": "naar slaaf pin",
	"ARD_SPI_TRANS_TIP": "Stuurt een SPI bericht naar het opgegeven slaaf toestel.",
	"ARD_SPI_TRANS_WARN1": "Een Defenitie blok voor %1 moet toegevoegd worden aan de canvas om dit blok te gebruiken!",
	"ARD_SPI_TRANS_WARN2": "Oude pin waarde %1 is niet langer beschikbaar.",
	"ARD_SPI_TRANSRETURN_TIP": "Stuur een SPI bericht naar het opgegeven slaaf toestel en krijg data terug.",
	"ARD_STEPPER_SETUP": "Definieer stappenmotor ",
	"ARD_STEPPER_MOTOR": "",
	"ARD_STEPPER_DEFAULT_NAME": "MijnStappenMotor",
	"ARD_STEPPER_TWO_PINS": "2",
	"ARD_STEPPER_FOUR_PINS": "4",
	"ARD_STEPPER_PIN1": "pin1#",
	"ARD_STEPPER_PIN2": "pin2#",
	"ARD_STEPPER_PIN3": "pin3#",
	"ARD_STEPPER_PIN4": "pin4#",
	"ARD_STEPPER_REVOLVS": "aantal stappen per omwenteling",
	"ARD_STEPPER_SPEED": "zet snelheid (rpm) op",
	"ARD_STEPPER_SETUP_TIP": "Configureert een stappenmotor, pinouts en andere waarden zoals rondes per minuut.",
	"ARD_STEPPER_STEP": "beweeg stappenmotor",
	"ARD_STEPPER_STEPS": "stappen",
	"ARD_STEPPER_STEP_TIP": "Draait de stappenmotor een opgegeven aantal stappen",
	"ARD_STEPPER_COMPONENT": "stappenmotor",
	"ARD_COMPONENT_WARN1": "Een %1 Definieer blok met dezelfde %1 naam moet toegevoegd worden om dit blok te gebruiken!",
	"ARD_TIME_DELAY": "wacht",
	"ARD_TIME_MS": "milliseconden",
	"ARD_TIME_DELAY_TIP": "Wacht de opgegeven tijd in milliseconden (duizendsten van een seconde)",
	"ARD_TIME_DELAY_MICROS": "microseconden",
	"ARD_TIME_DELAY_MICRO_TIP": "Wacht de opgegeven tijd in microseconden (miljoensten van een seconde)",
	"ARD_TIME_MILLIS": "tijd sinds start (milliseconden)",
	"ARD_TIME_MILLIS_TIP": "Geeft aantal milliseconden terug sinds start van de Arduino. Moet je opslaan in een positief lang geheel getal!",
	"ARD_TIME_MICROS": "tijd sinds start (microseconden)",
	"ARD_TIME_MICROS_TIP": "Geeft aantal microseconden terug sinds start van de Arduino. Moet je opslaan in een positief lang geheel getal!",
	"ARD_TIME_INF": "wacht voor eeuwig (beeindig programma)",
	"ARD_TIME_INF_TIP": "Wacht voor altijd, stopt het programma waar deze lijn staat.",
	"ARD_VAR_AS": "als",
	"ARD_VAR_AS_TIP": "Wijzigt de waarde in het gegeven type",
	"ARD_PULSE_READ": "lees een %1 puls op pin #%2",
	"ARD_PULSE_READ_TIMEOUT": "lees een %1 puls op pin #%2 (wacht maximaal %3 μs)",
	"ARD_PULSE_TIP": "Meet de duur van een puls op een geselecteerde pin.",
	"ARD_PULSETIMEOUT_TIP": "Meet de duur van een puls op een geselecteerde pin, zolang het gebeurt binnen de opgegeven maximale duur (in milliseconden).",
	"ARD_SETTONE": "Speel noot op pin#",
	"ARD_TONEFREQ": "met frequentie",
	"ARD_TONE_TIP": "Speelt een noot op de gegeven pin met de opgegeven frequentie binnen interval 31 - 65535",
	"ARD_TONE_WARNING": "Frequentie moet in het interval 31 - 65535 liggen",
	"ARD_NOTONE": "Stop afspelen noot op pin#",
	"ARD_NOTONE_TIP": "Stopt met een noot af te spelen op de gegeven pin"
}
